{
	"envs": [
		"browser"
	],
	"extends": "xo-react",
	"globals": [
		"browser"
	],
	"rules": {
		"jsx-quotes": [
			"error",
			"prefer-double"
		],
		"no-alert": "off",
		"no-warning-comments": "off",
		"unicorn/no-nested-ternary": "off",
		"unicorn/better-regex": "off",
		"unicorn/prefer-top-level-await": "off",
		"unicorn/prefer-dom-node-dataset": "off",
		"unicorn/expiring-todo-comments": ["warn", {
			"allowWarningComments": false
		}],
		"@typescript-eslint/naming-convention": "off",
		"@typescript-eslint/no-implicit-any-catch": "off",
		"@typescript-eslint/no-unsafe-assignment": "off",
		"@typescript-eslint/no-unsafe-argument": "off",
		"@typescript-eslint/no-unsafe-member-access": "off",
		"@typescript-eslint/no-unsafe-return": "off",
		"@typescript-eslint/no-unsafe-call": "off",
		"@typescript-eslint/consistent-type-imports": "off",
		"@typescript-eslint/explicit-function-return-type": [
			"error",
			{
				"allowExpressions": true
			}
		],
		"n/prefer-global/process": "off",
		"import/no-cycle": "off",
		"import/no-unassigned-import": "off",
		"import/prefer-default-export": "error",
		"import/order": [
			"error",
			{
				"groups": [
					[
						"builtin",
						"external"
					]
				],
				"newlines-between": "always-and-inside-groups"
			}
		],
		"react/jsx-key": "off",
		"react/function-component-definition": [
			"error",
			{
				"namedComponents": "function-declaration"
			}
		]
	},
	"overrides": [
		{
			"files": [
				"webpack.config.ts",
				"build/*"
			],
			"rules": {
				"@typescript-eslint/triple-slash-reference": "off",
				"unicorn/prefer-module": "off"
			}
		},
		{
			"files": [
				"**/*.js"
			],
			"rules": {
				"@typescript-eslint/consistent-type-definitions": "off",
				"@typescript-eslint/explicit-function-return-type": "off"
			}
		},
		{
			"files": [
				"source/features/*"
			],
			"rules": {
				"import/prefer-default-export": "off"
			}
		}
	],
	"settings": {
		"react": {
			"version": "16.13"
		}
	}
}
